{
  "overall": {
    "linear": {
      "n": 8387,
      "slope": -3.990812581524364e-05,
      "intercept": -0.05316594727712804,
      "p_value": 0.8401436408222153,
      "stderr": 0.00019784312752629625,
      "r_squared": 4.8526118391816125e-06
    },
    "log_linear": {
      "n": 8387,
      "slope": -0.0020330694931209497,
      "intercept": -0.04851824676221786,
      "p_value": 0.6156502503972985,
      "stderr": 0.0040495899877216355,
      "r_squared": 3.0058424805242943e-05
    }
  },
  "by_polarity": {
    "neutral": {
      "linear": {
        "n": 2787,
        "slope": -0.00104867148917532,
        "intercept": -0.07855788337830022,
        "p_value": 0.001573635542546201,
        "stderr": 0.00033145203796606924,
        "r_squared": 0.003581410938800525
      },
      "log_linear": {
        "n": 2787,
        "slope": -0.02522822854147122,
        "intercept": -0.032636547370264155,
        "p_value": 0.0001992374648718552,
        "stderr": 0.006772783833597656,
        "r_squared": 0.0049574181338749804
      }
    },
    "no_saturated": {
      "linear": {
        "n": 2813,
        "slope": -0.00015698557783740133,
        "intercept": -0.10994157970511963,
        "p_value": 0.6707497027802105,
        "stderr": 0.0003692353889833142,
        "r_squared": 6.430194381015413e-05
      },
      "log_linear": {
        "n": 2813,
        "slope": -0.003465832165052313,
        "intercept": -0.10389962473957264,
        "p_value": 0.6465845032766554,
        "stderr": 0.00755805226931173,
        "r_squared": 7.480005921600223e-05
      }
    },
    "yes_saturated": {
      "linear": {
        "n": 2787,
        "slope": 0.001059057027343503,
        "intercept": 0.030041131674018277,
        "p_value": 0.0002853332658800021,
        "stderr": 0.0002915197445313713,
        "r_squared": 0.004716548740328253
      },
      "log_linear": {
        "n": 2787,
        "slope": 0.02205600025868834,
        "intercept": -0.007134590517645756,
        "p_value": 0.00022603078058888024,
        "stderr": 0.005972652713142278,
        "r_squared": 0.004872730792989999
      }
    }
  },
  "by_model": {
    "claude-haiku-4-5-20251001": {
      "linear": {
        "n": 756,
        "slope": 1.9536019536019535e-05,
        "intercept": -0.07766381766381768,
        "p_value": 0.9783332583200242,
        "stderr": 0.0007190929782722956,
        "r_squared": 9.788818920989369e-07
      }
    },
    "claude-opus-4-6": {
      "linear": {
        "n": 756,
        "slope": -0.0002598902175621751,
        "intercept": -0.03579021605476632,
        "p_value": 0.6038248199687171,
        "stderr": 0.0005006297788880185,
        "r_squared": 0.00035728926257564043
      }
    },
    "claude-sonnet-4-6": {
      "linear": {
        "n": 756,
        "slope": -0.00010225400701591198,
        "intercept": -0.05794719977259659,
        "p_value": 0.8838495158822004,
        "stderr": 0.0006996964479806192,
        "r_squared": 2.832420218346949e-05
      }
    },
    "deepseek-chat": {
      "linear": {
        "n": 756,
        "slope": 8.266630488852716e-05,
        "intercept": -0.07546330212996881,
        "p_value": 0.9146517493195109,
        "stderr": 0.0007710766638428854,
        "r_squared": 1.5243474392861153e-05
      }
    },
    "gemini-2.5-flash": {
      "linear": {
        "n": 570,
        "slope": -0.0005434502679752211,
        "intercept": -0.05979144915431196,
        "p_value": 0.5643725291850685,
        "stderr": 0.0009423495011170973,
        "r_squared": 0.0005851848201608193
      }
    },
    "gemini-2.5-pro": {
      "linear": {
        "n": 402,
        "slope": -2.8668197058152664e-05,
        "intercept": -0.09310769650503774,
        "p_value": 0.977504380552326,
        "stderr": 0.0010160458041648431,
        "r_squared": 1.990276123174413e-06
      }
    },
    "gpt-4.1-nano": {
      "linear": {
        "n": 756,
        "slope": -0.000517032644016771,
        "intercept": -0.10897400365654333,
        "p_value": 0.4808062841066689,
        "stderr": 0.000733009027760782,
        "r_squared": 0.0006594159691132069
      }
    },
    "gpt-5.2": {
      "linear": {
        "n": 660,
        "slope": 6.601053267719944e-05,
        "intercept": -0.03963083829750497,
        "p_value": 0.893631045179409,
        "stderr": 0.0004934894710393654,
        "r_squared": 2.719148896593076e-05
      }
    },
    "llama3.2:3b": {
      "linear": {
        "n": 756,
        "slope": -0.00027133360466693817,
        "intercept": -0.12298195631528966,
        "p_value": 0.7449234735882981,
        "stderr": 0.0008336934111774992,
        "r_squared": 0.0001404630447048251
      }
    },
    "qwen3.5:4b": {
      "linear": {
        "n": 756,
        "slope": 0.00027024827024827033,
        "intercept": -0.021880341880341884,
        "p_value": 0.5019217461998255,
        "stderr": 0.000402279535166744,
        "r_squared": 0.0005981894544469917
      }
    },
    "qwen3:30b": {
      "linear": {
        "n": 707,
        "slope": 0.00029754174097677057,
        "intercept": 0.02574800252408701,
        "p_value": 0.6675781150395115,
        "stderr": 0.0006925136237776354,
        "r_squared": 0.00026177992254072726
      }
    },
    "qwen3:4b": {
      "linear": {
        "n": 756,
        "slope": 0.0003518787698681879,
        "intercept": 0.017308941303650294,
        "p_value": 0.19445516103219324,
        "stderr": 0.00027095374747283574,
        "r_squared": 0.0022317940799037577
      }
    }
  },
  "interpretation": {
    "null": "Slope = 0 means bias does not accumulate with context length.",
    "scope": "Linear and log-linear over four distinct x-values {5, 10, 20, 50}. Limited because of the discrete x grid, but better-specified than rank correlation given the small number of unique x values."
  }
}