{
  "overall": {
    "linear": {
      "n": 7631,
      "slope": -5.156105827527543e-05,
      "intercept": -0.05096837829580857,
      "p_value": 0.8000418551291228,
      "stderr": 0.00020355585614696334,
      "r_squared": 8.41017775931901e-06
    },
    "log_linear": {
      "n": 7631,
      "slope": -0.002206637522075188,
      "intercept": -0.046098797186385,
      "p_value": 0.5963631922264894,
      "stderr": 0.004166140702105111,
      "r_squared": 3.677143227260325e-05
    }
  },
  "by_polarity": {
    "neutral": {
      "linear": {
        "n": 2535,
        "slope": -0.0009771712887055657,
        "intercept": -0.07683074174390864,
        "p_value": 0.00435656863289186,
        "stderr": 0.0003424237930575558,
        "r_squared": 0.0032046774933112165
      },
      "log_linear": {
        "n": 2535,
        "slope": -0.023726160031967692,
        "intercept": -0.03345523542936034,
        "p_value": 0.0007058700038882167,
        "stderr": 0.0069958465186482095,
        "r_squared": 0.004520344808568685
      }
    },
    "no_saturated": {
      "linear": {
        "n": 2561,
        "slope": -0.00010865288208731233,
        "intercept": -0.10475069559479112,
        "p_value": 0.7785645077056789,
        "stderr": 0.00038636276042412114,
        "r_squared": 3.090354305219684e-05
      },
      "log_linear": {
        "n": 2561,
        "slope": -0.0024138754902445127,
        "intercept": -0.10052794420975328,
        "p_value": 0.7602037183194581,
        "stderr": 0.00790797080096664,
        "r_squared": 3.6409399601867854e-05
      }
    },
    "yes_saturated": {
      "linear": {
        "n": 2535,
        "slope": 0.0009028764821761054,
        "intercept": 0.029760181944235888,
        "p_value": 0.0020467743838763304,
        "stderr": 0.0002925186424838319,
        "r_squared": 0.0037470029426865496
      },
      "log_linear": {
        "n": 2535,
        "slope": 0.018944943841737092,
        "intercept": -0.0023178068722069234,
        "p_value": 0.001590179588868561,
        "stderr": 0.00599310232503855,
        "r_squared": 0.0039295076966706245
      }
    }
  },
  "by_model": {
    "claude-haiku-4-5-20251001": {
      "linear": {
        "n": 756,
        "slope": 1.9536019536019535e-05,
        "intercept": -0.07766381766381768,
        "p_value": 0.9783332583200242,
        "stderr": 0.0007190929782722956,
        "r_squared": 9.788818920989369e-07
      }
    },
    "claude-opus-4-6": {
      "linear": {
        "n": 756,
        "slope": -0.0002598902175621751,
        "intercept": -0.03579021605476632,
        "p_value": 0.6038248199687171,
        "stderr": 0.0005006297788880185,
        "r_squared": 0.00035728926257564043
      }
    },
    "claude-sonnet-4-6": {
      "linear": {
        "n": 756,
        "slope": -0.00010225400701591198,
        "intercept": -0.05794719977259659,
        "p_value": 0.8838495158822004,
        "stderr": 0.0006996964479806192,
        "r_squared": 2.832420218346949e-05
      }
    },
    "gemini-2.5-flash": {
      "linear": {
        "n": 570,
        "slope": -0.0005434502679752211,
        "intercept": -0.05979144915431196,
        "p_value": 0.5643725291850685,
        "stderr": 0.0009423495011170973,
        "r_squared": 0.0005851848201608193
      }
    },
    "gemini-2.5-pro": {
      "linear": {
        "n": 402,
        "slope": -2.8668197058152664e-05,
        "intercept": -0.09310769650503774,
        "p_value": 0.977504380552326,
        "stderr": 0.0010160458041648431,
        "r_squared": 1.990276123174413e-06
      }
    },
    "gpt-4.1-nano": {
      "linear": {
        "n": 756,
        "slope": -0.000517032644016771,
        "intercept": -0.10897400365654333,
        "p_value": 0.4808062841066689,
        "stderr": 0.000733009027760782,
        "r_squared": 0.0006594159691132069
      }
    },
    "gpt-5.2": {
      "linear": {
        "n": 660,
        "slope": 6.601053267719944e-05,
        "intercept": -0.03963083829750497,
        "p_value": 0.893631045179409,
        "stderr": 0.0004934894710393654,
        "r_squared": 2.719148896593076e-05
      }
    },
    "llama3.2:3b": {
      "linear": {
        "n": 756,
        "slope": -0.00027133360466693817,
        "intercept": -0.12298195631528966,
        "p_value": 0.7449234735882981,
        "stderr": 0.0008336934111774992,
        "r_squared": 0.0001404630447048251
      }
    },
    "qwen3.5:4b": {
      "linear": {
        "n": 756,
        "slope": 0.00027024827024827033,
        "intercept": -0.021880341880341884,
        "p_value": 0.5019217461998255,
        "stderr": 0.000402279535166744,
        "r_squared": 0.0005981894544469917
      }
    },
    "qwen3:30b": {
      "linear": {
        "n": 707,
        "slope": 0.00029754174097677057,
        "intercept": 0.02574800252408701,
        "p_value": 0.6675781150395115,
        "stderr": 0.0006925136237776354,
        "r_squared": 0.00026177992254072726
      }
    },
    "qwen3:4b": {
      "linear": {
        "n": 756,
        "slope": 0.0003518787698681879,
        "intercept": 0.017308941303650294,
        "p_value": 0.19445516103219324,
        "stderr": 0.00027095374747283574,
        "r_squared": 0.0022317940799037577
      }
    }
  },
  "interpretation": {
    "null": "Slope = 0 means bias does not accumulate with context length.",
    "scope": "Linear and log-linear over four distinct x-values {5, 10, 20, 50}. Limited because of the discrete x grid, but better-specified than rank correlation given the small number of unique x values."
  }
}