{
  "n_resamples": 1000,
  "seed": 20260525,
  "headline_overall": {
    "n": 8387,
    "d": -0.1711753506448774,
    "ci95": [
      -0.192,
      -0.1522
    ]
  },
  "per_polarity": {
    "no_saturated": {
      "n": 2813,
      "d": -0.33258283842784425,
      "ci95": [
        -0.3611,
        -0.3054
      ]
    },
    "yes_saturated": {
      "n": 2787,
      "d": 0.19537036942065097,
      "ci95": [
        0.1617,
        0.2306
      ]
    },
    "neutral": {
      "n": 2787,
      "d": -0.3298344997607853,
      "ci95": [
        -0.3582,
        -0.3031
      ]
    },
    "__overall__": {
      "n": 8387,
      "d": -0.1711753506448774,
      "ci95": [
        -0.192,
        -0.1522
      ]
    }
  },
  "per_domain": {
    "meals": {
      "n": 2841,
      "d": -0.1249747411835461,
      "ci95": [
        -0.1561,
        -0.0942
      ]
    },
    "content_moderation": {
      "n": 2856,
      "d": -0.1246177597517584,
      "ci95": [
        -0.159,
        -0.0902
      ]
    },
    "code_review": {
      "n": 2690,
      "d": -0.24594233984723823,
      "ci95": [
        -0.2819,
        -0.2089
      ]
    },
    "__overall__": {
      "n": 8387,
      "d": -0.1711753506448774,
      "ci95": [
        -0.192,
        -0.1522
      ]
    }
  },
  "per_category": {
    "clear_negative": {
      "n": 2812,
      "d": 0.03267045855463625,
      "ci95": [
        -0.0055,
        0.0706
      ]
    },
    "clear_positive": {
      "n": 2751,
      "d": -0.1605026228891436,
      "ci95": [
        -0.1959,
        -0.1247
      ]
    },
    "ambiguous": {
      "n": 2824,
      "d": -0.28176903213842747,
      "ci95": [
        -0.319,
        -0.2482
      ]
    },
    "__overall__": {
      "n": 8387,
      "d": -0.1711753506448774,
      "ci95": [
        -0.192,
        -0.1522
      ]
    }
  }
}