{
  "n_resamples": 1000,
  "seed": 20260525,
  "cluster_unit": "item_id",
  "method": "block-bootstrap: resample item IDs with replacement, include all rows per sampled item",
  "headline_overall": {
    "n": 8387,
    "n_items": 63,
    "d": -0.1711753506448774,
    "ci95": [
      -0.2124,
      -0.1289
    ]
  },
  "per_polarity": {
    "no_saturated": {
      "n": 2813,
      "n_items": 63,
      "d": -0.33258283842784425,
      "ci95": [
        -0.4406,
        -0.2189
      ]
    },
    "yes_saturated": {
      "n": 2787,
      "n_items": 63,
      "d": 0.19537036942065103,
      "ci95": [
        0.0674,
        0.318
      ]
    },
    "neutral": {
      "n": 2787,
      "n_items": 63,
      "d": -0.32983449976078527,
      "ci95": [
        -0.4284,
        -0.2152
      ]
    },
    "__overall__": {
      "n": 8387,
      "n_items": 63,
      "d": -0.1711753506448774,
      "ci95": [
        -0.2124,
        -0.1289
      ]
    }
  },
  "per_domain": {
    "meals": {
      "n": 2841,
      "n_items": 21,
      "d": -0.1249747411835461,
      "ci95": [
        -0.1917,
        -0.0398
      ]
    },
    "content_moderation": {
      "n": 2856,
      "n_items": 21,
      "d": -0.1246177597517584,
      "ci95": [
        -0.2255,
        0.0049
      ]
    },
    "code_review": {
      "n": 2690,
      "n_items": 21,
      "d": -0.2459423398472382,
      "ci95": [
        -0.3066,
        -0.1862
      ]
    },
    "__overall__": {
      "n": 8387,
      "n_items": 63,
      "d": -0.1711753506448774,
      "ci95": [
        -0.2124,
        -0.1289
      ]
    }
  },
  "per_category": {
    "clear_negative": {
      "n": 2812,
      "n_items": 21,
      "d": 0.032670458554636246,
      "ci95": [
        -0.0264,
        0.1165
      ]
    },
    "clear_positive": {
      "n": 2751,
      "n_items": 21,
      "d": -0.1605026228891436,
      "ci95": [
        -0.2294,
        -0.0727
      ]
    },
    "ambiguous": {
      "n": 2824,
      "n_items": 21,
      "d": -0.28176903213842747,
      "ci95": [
        -0.3392,
        -0.2229
      ]
    },
    "__overall__": {
      "n": 8387,
      "n_items": 63,
      "d": -0.1711753506448774,
      "ci95": [
        -0.2124,
        -0.1289
      ]
    }
  }
}