{
  "n_pairs": 7741,
  "overall_spearman": {
    "r": 0.473746,
    "p": 0.0,
    "significant": true
  },
  "overall_pearson": {
    "r": 0.256879,
    "p": 6.72917367475141e-117,
    "significant": true
  },
  "entropy_bins": {
    "zero_entropy": {
      "n": 6824,
      "mean_abs_bs": 0.110326,
      "std": 0.273214
    },
    "low_entropy": {
      "n": 120,
      "mean_abs_bs": 0.465741,
      "std": 0.342066
    },
    "high_entropy": {
      "n": 797,
      "mean_abs_bs": 0.329063,
      "std": 0.234275
    }
  },
  "per_category": {
    "clear_positive": {
      "n": 2490,
      "mean_entropy": 0.0986,
      "spearman_r": 0.5258,
      "spearman_p": 4.4487394146220585e-177
    },
    "ambiguous": {
      "n": 2645,
      "mean_entropy": 0.1617,
      "spearman_r": 0.3151,
      "spearman_p": 4.740728986658679e-62
    },
    "clear_negative": {
      "n": 2606,
      "mean_entropy": 0.0155,
      "spearman_r": 0.4714,
      "spearman_p": 2.740691066285649e-144
    }
  }
}