{
  "congruent": {
    "n": 2794,
    "mean": 0.05487,
    "std": 0.274019,
    "ci_lower": 0.044711,
    "ci_upper": 0.065029
  },
  "incongruent": {
    "n": 2806,
    "mean": -0.116016,
    "std": 0.335277,
    "ci_lower": -0.12842,
    "ci_upper": -0.103613
  },
  "t_test": {
    "t": 20.8873,
    "p": 3.1482431152266086e-93,
    "cohens_d": 0.5581,
    "significant": true
  },
  "interpretation": "contrast_for_incongruent",
  "per_category": {
    "clear_positive": {
      "congruent_mean": 0.118998,
      "congruent_n": 915,
      "incongruent_mean": -0.139977,
      "incongruent_n": 916,
      "t": 17.1608,
      "p": 3.367369452563937e-61
    },
    "ambiguous": {
      "congruent_mean": 0.037294,
      "congruent_n": 934,
      "incongruent_mean": -0.210059,
      "incongruent_n": 952,
      "t": 14.1682,
      "p": 2.7766543101530975e-43
    },
    "clear_negative": {
      "congruent_mean": 0.01015,
      "congruent_n": 945,
      "incongruent_mean": 0.002828,
      "incongruent_n": 938,
      "t": 1.1784,
      "p": 0.23880879400026686
    }
  }
}