{
  "bin_definition": {
    "B1_confident_entropy_0": "Baseline P(yes) is exactly 0 or 1 (deterministic baseline)",
    "B2_uncertain_low": "0 < entropy <= 0.722 (median of nonzero entropy)",
    "B3_uncertain_high": "entropy > 0.722"
  },
  "by_bin": {
    "B1_confident_entropy_0": {
      "n": 6203,
      "mean": -0.04118827551440803,
      "std": 0.28185464376783176,
      "ci_lower": -0.048202511535659145,
      "ci_upper": -0.03417403949315692,
      "cohens_d": -0.14613303851873197,
      "t": -11.509310459992241,
      "p": 0.0
    },
    "B2_uncertain_low": {
      "n": 444,
      "mean": -0.09179089804089804,
      "std": 0.4434632962605679,
      "ci_lower": -0.13304073792080884,
      "ci_upper": -0.050541058160987265,
      "cohens_d": -0.20698646046901706,
      "t": -4.3614753580602095,
      "p": 1.6084507145075477e-05
    },
    "B3_uncertain_high": {
      "n": 432,
      "mean": -0.13504372427983538,
      "std": 0.37942224009917397,
      "ci_lower": -0.17082344791460757,
      "ci_upper": -0.09926400064506319,
      "cohens_d": -0.3559193689978148,
      "t": -7.397645166024844,
      "p": 7.30526750203353e-13
    }
  },
  "crosstab_author_category_x_quartile": {
    "clear_negative": {
      "B1_confident_entropy_0": 2351,
      "B3_uncertain_high": 12,
      "B2_uncertain_low": 48
    },
    "clear_positive": {
      "B1_confident_entropy_0": 2028,
      "B3_uncertain_high": 132,
      "B2_uncertain_low": 192
    },
    "ambiguous": {
      "B1_confident_entropy_0": 1824,
      "B3_uncertain_high": 288,
      "B2_uncertain_low": 204
    }
  },
  "author_label_vs_empirical": {
    "n_records": 7079,
    "interpretation": "If author labels match empirical entropy, ambiguous items should concentrate in Q3-Q4. Cross-tab shows the actual distribution."
  }
}