{
  "per_model": {
    "gpt-4.1-nano": {
      "START": {
        "n": 21,
        "mean_bs": -0.2857,
        "std_bs": 0.3953,
        "cohens_d": -0.7227,
        "t": -3.3119,
        "p": 0.0034797102669255845
      },
      "END": {
        "n": 21,
        "mean_bs": -0.319,
        "std_bs": 0.4203,
        "cohens_d": -0.7592,
        "t": -3.4789,
        "p": 0.00236778514546994
      },
      "SPREAD": {
        "n": 21,
        "mean_bs": -0.3048,
        "std_bs": 0.4056,
        "cohens_d": -0.7515,
        "t": -3.4436,
        "p": 0.0025690447284645993
      },
      "FULL_50": {
        "n": 21,
        "mean_bs": -0.3333,
        "std_bs": 0.4139,
        "cohens_d": -0.8053,
        "t": -3.6903,
        "p": 0.001449427504095259
      },
      "CONTROL_5": {
        "n": 21,
        "mean_bs": -0.2238,
        "std_bs": 0.2755,
        "cohens_d": -0.8124,
        "t": -3.7227,
        "p": 0.0013443440362458118
      },
      "kruskal_wallis_placements": {
        "H": 0.2203,
        "p": 0.8957086282322777,
        "significant": false
      }
    },
    "llama3.2:3b": {
      "START": {
        "n": 21,
        "mean_bs": -0.4381,
        "std_bs": 0.4307,
        "cohens_d": -1.0172,
        "t": -4.6616,
        "p": 0.00015023280298079046
      },
      "END": {
        "n": 21,
        "mean_bs": -0.4524,
        "std_bs": 0.4445,
        "cohens_d": -1.0176,
        "t": -4.6634,
        "p": 0.00014961450645290772
      },
      "SPREAD": {
        "n": 21,
        "mean_bs": -0.4571,
        "std_bs": 0.44,
        "cohens_d": -1.039,
        "t": -4.7615,
        "p": 0.00011917445748632139
      },
      "FULL_50": {
        "n": 21,
        "mean_bs": -0.4476,
        "std_bs": 0.4389,
        "cohens_d": -1.0199,
        "t": -4.6738,
        "p": 0.00014604006642725013
      },
      "CONTROL_5": {
        "n": 21,
        "mean_bs": -0.4143,
        "std_bs": 0.4408,
        "cohens_d": -0.9399,
        "t": -4.3071,
        "p": 0.00034309223807379405
      },
      "kruskal_wallis_placements": {
        "H": 0.0626,
        "p": 0.9692073773184088,
        "significant": false
      }
    }
  },
  "combined": {
    "START": {
      "n": 42,
      "mean_bs": -0.3619,
      "std_bs": 0.4155,
      "cohens_d": -0.871,
      "t": -5.6445,
      "p": 1.3847502852605505e-06
    },
    "END": {
      "n": 42,
      "mean_bs": -0.3857,
      "std_bs": 0.4326,
      "cohens_d": -0.8917,
      "t": -5.7789,
      "p": 8.923497502118158e-07
    },
    "SPREAD": {
      "n": 42,
      "mean_bs": -0.381,
      "std_bs": 0.425,
      "cohens_d": -0.8964,
      "t": -5.8094,
      "p": 8.075494724890082e-07
    },
    "FULL_50": {
      "n": 42,
      "mean_bs": -0.3905,
      "std_bs": 0.4253,
      "cohens_d": -0.9181,
      "t": -5.9501,
      "p": 5.095653425860687e-07
    },
    "CONTROL_5": {
      "n": 42,
      "mean_bs": -0.319,
      "std_bs": 0.3756,
      "cohens_d": -0.8494,
      "t": -5.5046,
      "p": 2.1854672488030163e-06
    }
  },
  "kruskal_wallis_combined": {
    "H": 0.1862,
    "p": 0.9111095198400901,
    "significant": false
  },
  "pairwise": {
    "START_vs_END": {
      "U": 923.5,
      "p": 0.6972422328019151,
      "mean_diff": 0.0238
    },
    "START_vs_SPREAD": {
      "U": 918.5,
      "p": 0.734133662050243,
      "mean_diff": 0.019
    },
    "END_vs_SPREAD": {
      "U": 874.0,
      "p": 0.9436151800836462,
      "mean_diff": -0.0048
    }
  },
  "interpretation": "Position does not matter: START \u2248 END \u2248 SPREAD. Any signal suffices."
}