{
  "first": {
    "n": 707,
    "mean": 0.032058665050178486,
    "std": 0.3208385270771019,
    "cohens_d": 0.09992149428635903,
    "t": 2.6568597346183234,
    "p": 0.008065468405220155,
    "n_rows_after_dedup": 7918
  },
  "last": {
    "n": 672,
    "mean": 0.05789812452758881,
    "std": 0.2692299625034781,
    "cohens_d": 0.2150508211984052,
    "t": 5.574754436666146,
    "p": 3.593848574290348e-08,
    "n_rows_after_dedup": 7918
  },
  "random": {
    "n": 672,
    "mean": 0.048964238473167054,
    "std": 0.2841905319943603,
    "cohens_d": 0.17229370074207379,
    "t": 4.466363193913849,
    "p": 9.33438734529446e-06,
    "n_rows_after_dedup": 7918
  }
}