{
  "by_polarity": {
    "baseline": {
      "total": 6454,
      "unparseable": 627,
      "rate": 0.09714905484970561
    },
    "no_saturated": {
      "total": 25887,
      "unparseable": 1628,
      "rate": 0.06288870861822536
    },
    "yes_saturated": {
      "total": 25889,
      "unparseable": 1910,
      "rate": 0.07377650739696397
    },
    "neutral": {
      "total": 25858,
      "unparseable": 1800,
      "rate": 0.06961095212313403
    }
  },
  "by_model_polarity": {
    "claude-haiku-4-5-20251001|baseline": {
      "total": 630,
      "unparseable": 0,
      "rate": 0.0
    },
    "claude-haiku-4-5-20251001|neutral": {
      "total": 2520,
      "unparseable": 0,
      "rate": 0.0
    },
    "claude-haiku-4-5-20251001|no_saturated": {
      "total": 2520,
      "unparseable": 0,
      "rate": 0.0
    },
    "claude-haiku-4-5-20251001|yes_saturated": {
      "total": 2520,
      "unparseable": 0,
      "rate": 0.0
    },
    "claude-opus-4-6|baseline": {
      "total": 630,
      "unparseable": 146,
      "rate": 0.23174603174603176
    },
    "claude-opus-4-6|neutral": {
      "total": 2520,
      "unparseable": 564,
      "rate": 0.22380952380952382
    },
    "claude-opus-4-6|no_saturated": {
      "total": 2520,
      "unparseable": 547,
      "rate": 0.21706349206349207
    },
    "claude-opus-4-6|yes_saturated": {
      "total": 2520,
      "unparseable": 565,
      "rate": 0.22420634920634921
    },
    "claude-sonnet-4-6|baseline": {
      "total": 630,
      "unparseable": 0,
      "rate": 0.0
    },
    "claude-sonnet-4-6|neutral": {
      "total": 2520,
      "unparseable": 59,
      "rate": 0.023412698412698413
    },
    "claude-sonnet-4-6|no_saturated": {
      "total": 2520,
      "unparseable": 45,
      "rate": 0.017857142857142856
    },
    "claude-sonnet-4-6|yes_saturated": {
      "total": 2520,
      "unparseable": 36,
      "rate": 0.014285714285714285
    },
    "deepseek-chat|baseline": {
      "total": 630,
      "unparseable": 0,
      "rate": 0.0
    },
    "deepseek-chat|neutral": {
      "total": 2520,
      "unparseable": 1,
      "rate": 0.0003968253968253968
    },
    "deepseek-chat|no_saturated": {
      "total": 2520,
      "unparseable": 1,
      "rate": 0.0003968253968253968
    },
    "deepseek-chat|yes_saturated": {
      "total": 2520,
      "unparseable": 2,
      "rate": 0.0007936507936507937
    },
    "gemini-2.5-flash|baseline": {
      "total": 97,
      "unparseable": 0,
      "rate": 0.0
    },
    "gemini-2.5-flash|neutral": {
      "total": 448,
      "unparseable": 0,
      "rate": 0.0
    },
    "gemini-2.5-flash|no_saturated": {
      "total": 454,
      "unparseable": 0,
      "rate": 0.0
    },
    "gemini-2.5-flash|yes_saturated": {
      "total": 471,
      "unparseable": 0,
      "rate": 0.0
    },
    "gemini-2.5-pro|baseline": {
      "total": 75,
      "unparseable": 0,
      "rate": 0.0
    },
    "gemini-2.5-pro|neutral": {
      "total": 301,
      "unparseable": 2,
      "rate": 0.006644518272425249
    },
    "gemini-2.5-pro|no_saturated": {
      "total": 315,
      "unparseable": 0,
      "rate": 0.0
    },
    "gemini-2.5-pro|yes_saturated": {
      "total": 299,
      "unparseable": 0,
      "rate": 0.0
    },
    "gpt-4.1-nano|baseline": {
      "total": 630,
      "unparseable": 1,
      "rate": 0.0015873015873015873
    },
    "gpt-4.1-nano|neutral": {
      "total": 2520,
      "unparseable": 33,
      "rate": 0.013095238095238096
    },
    "gpt-4.1-nano|no_saturated": {
      "total": 2520,
      "unparseable": 26,
      "rate": 0.010317460317460317
    },
    "gpt-4.1-nano|yes_saturated": {
      "total": 2520,
      "unparseable": 64,
      "rate": 0.025396825396825397
    },
    "gpt-5.2|baseline": {
      "total": 630,
      "unparseable": 134,
      "rate": 0.2126984126984127
    },
    "gpt-5.2|neutral": {
      "total": 2520,
      "unparseable": 35,
      "rate": 0.013888888888888888
    },
    "gpt-5.2|no_saturated": {
      "total": 2520,
      "unparseable": 26,
      "rate": 0.010317460317460317
    },
    "gpt-5.2|yes_saturated": {
      "total": 2520,
      "unparseable": 54,
      "rate": 0.02142857142857143
    },
    "llama3.2:3b|baseline": {
      "total": 630,
      "unparseable": 0,
      "rate": 0.0
    },
    "llama3.2:3b|neutral": {
      "total": 2520,
      "unparseable": 0,
      "rate": 0.0
    },
    "llama3.2:3b|no_saturated": {
      "total": 2520,
      "unparseable": 4,
      "rate": 0.0015873015873015873
    },
    "llama3.2:3b|yes_saturated": {
      "total": 2520,
      "unparseable": 0,
      "rate": 0.0
    },
    "qwen3.5:4b|baseline": {
      "total": 630,
      "unparseable": 0,
      "rate": 0.0
    },
    "qwen3.5:4b|neutral": {
      "total": 2520,
      "unparseable": 0,
      "rate": 0.0
    },
    "qwen3.5:4b|no_saturated": {
      "total": 2520,
      "unparseable": 0,
      "rate": 0.0
    },
    "qwen3.5:4b|yes_saturated": {
      "total": 2520,
      "unparseable": 0,
      "rate": 0.0
    },
    "qwen3:30b|baseline": {
      "total": 612,
      "unparseable": 235,
      "rate": 0.3839869281045752
    },
    "qwen3:30b|neutral": {
      "total": 2429,
      "unparseable": 685,
      "rate": 0.28200905722519554
    },
    "qwen3:30b|no_saturated": {
      "total": 2438,
      "unparseable": 551,
      "rate": 0.22600492206726824
    },
    "qwen3:30b|yes_saturated": {
      "total": 2439,
      "unparseable": 775,
      "rate": 0.31775317753177534
    },
    "qwen3:4b|baseline": {
      "total": 630,
      "unparseable": 111,
      "rate": 0.1761904761904762
    },
    "qwen3:4b|neutral": {
      "total": 2520,
      "unparseable": 421,
      "rate": 0.16706349206349205
    },
    "qwen3:4b|no_saturated": {
      "total": 2520,
      "unparseable": 428,
      "rate": 0.16984126984126985
    },
    "qwen3:4b|yes_saturated": {
      "total": 2520,
      "unparseable": 414,
      "rate": 0.16428571428571428
    }
  },
  "by_domain_polarity": {
    "code_review|baseline": {
      "total": 2151,
      "unparseable": 434,
      "rate": 0.20176662017666203
    },
    "code_review|neutral": {
      "total": 8618,
      "unparseable": 797,
      "rate": 0.09248085402645626
    },
    "code_review|no_saturated": {
      "total": 8626,
      "unparseable": 713,
      "rate": 0.08265708323672617
    },
    "code_review|yes_saturated": {
      "total": 8607,
      "unparseable": 926,
      "rate": 0.1075868479144882
    },
    "content_moderation|baseline": {
      "total": 2148,
      "unparseable": 115,
      "rate": 0.053538175046554934
    },
    "content_moderation|neutral": {
      "total": 8632,
      "unparseable": 581,
      "rate": 0.0673076923076923
    },
    "content_moderation|no_saturated": {
      "total": 8647,
      "unparseable": 592,
      "rate": 0.06846305076905285
    },
    "content_moderation|yes_saturated": {
      "total": 8626,
      "unparseable": 582,
      "rate": 0.0674704382100626
    },
    "meals|baseline": {
      "total": 2155,
      "unparseable": 78,
      "rate": 0.03619489559164733
    },
    "meals|neutral": {
      "total": 8608,
      "unparseable": 422,
      "rate": 0.04902416356877323
    },
    "meals|no_saturated": {
      "total": 8614,
      "unparseable": 323,
      "rate": 0.037497097747852336
    },
    "meals|yes_saturated": {
      "total": 8656,
      "unparseable": 402,
      "rate": 0.04644177449168207
    }
  },
  "polarity_independence_test": {
    "chi2": 96.58379796941664,
    "dof": 3,
    "p_value": 8.431710173521433e-21,
    "significant": true,
    "interpretation": "Unparseable rate differs across polarities"
  }
}